"Shape","Size_or_Ratio","Day","Area","BPM_gcamp","Maximum","FWHM","T0","T50","T75","BeatRatePeak_bpm","Time_Int_sec","Max_Contract_pixsec","Max_Relax","Group","ShapeGroup"
"Circle",200,18,-1.21011480022175,-1.29449658499584,-0.559808996815891,3.94004776698577,0.206263480909371,4.24903888473379,3.86204557802209,-1.2006254296218,3.73802668402285,2.14166542661049,-0.398877587260346,"Circle Area 200 Day 18","Circle Area 200"
"Circle",200,18,-1.21076632215817,-1.09963126656012,-0.816029486017141,3.21869868901115,0.0122886097742545,3.56684588837715,3.25415523262562,-1.11343736355411,3.13177568003007,3.72408913498609,0.268667663343186,"Circle Area 200 Day 18","Circle Area 200"
"Circle",200,18,-1.20147219739347,-1.20267393494548,-0.663261953068681,3.10533403362807,0.206263480909371,3.3693007657513,3.15068086010716,-1.2634773075905,3.27167843416603,2.69615519836707,0.190892926892142,"Circle Area 200 Day 18","Circle Area 200"
"Circle",200,18,-1.39707418362379,-0.989201663026617,-1.26701802292779,3.03115821902417,-0.149357116171675,3.44906752809439,3.30805173383725,-0.908325445175431,3.31831268554468,3.28674180685474,2.36080112349765,"Circle Area 200 Day 18","Circle Area 200"
"Circle",200,18,-1.35473874600218,-1.40684273012276,-0.78963789548691,3.16355990428247,0.0122886097742545,3.49312642570628,3.31185212815345,-1.417156238807,3.45822117575092,3.6847747952617,0.946522642192387,"Circle Area 200 Day 18","Circle Area 200"
"Circle",200,18,-1.17110343282785,-1.25231997761214,-0.687922719431981,3.11159395786632,0.0122886097742545,3.47680831547965,3.17434695198534,-1.32883883189031,3.17840993140872,2.62249211408904,0.332757876609714,"Circle Area 200 Day 18","Circle Area 200"
"Circle",200,18,-0.789871686616669,-1.18662448564163,-0.0402139451900757,2.32069969417636,0.206263480909371,2.50482487927488,2.3176171514756,-1.18206142808436,2.43225617327998,2.15248333037535,1.17953794583029,"Circle Area 200 Day 18","Circle Area 200"
"Circle",200,18,-0.922356102770301,-1.3025752520436,1.15841902563396,3.28910139859474,0.78818809431472,3.41931097415172,3.12520094366897,-1.33915052578606,2.8986044231368,4.31256283205927,2.24640561450656,"Circle Area 200 Day 18","Circle Area 200"
"Circle",200,20,-1.46039120538598,-1.11496359930749,-0.18162064291517,3.63245395544333,0.0122886097742545,4.04371866252937,3.78180543439132,-1.02030734073189,3.59812392988689,2.18067575030401,-0.0431803788204101,"Circle Area 200 Day 20","Circle Area 200"
"Circle",200,20,-1.45354361324507,-1.57165261482854,-0.597230397332833,3.03081520947686,0.25475719869315,3.2229177181301,2.94925996134834,-1.492703974686,2.8986044231368,0.532326165635844,-0.569315543372041,"Circle Area 200 Day 20","Circle Area 200"
"Circle",200,20,-1.29450646956806,-1.20792855891684,-0.224012332121405,2.477969571614,-0.569394741353563,2.83713839459593,2.655161264833,-1.16512869666213,2.66542743017325,2.75418172479106,0.768438497364559,"Circle Area 200 Day 20","Circle Area 200"
"Circle",200,20,-1.14899166916842,-1.12698323433378,-0.259532281124463,2.40002065198979,0.0122886097742545,2.59447849663764,2.32072656500704,-1.07217582534564,2.38562192190132,3.04259159940278,0.232996775877455,"Circle Area 200 Day 20","Circle Area 200"
"Circle",200,20,-1.37530813310598,-1.41718697779586,-1.13299167402041,2.66765385127162,-0.472407305786005,3.02873220643325,2.90788748686057,-1.41225504714861,3.03850717727276,0.912878232268195,-0.821289163017656,"Circle Area 200 Day 20","Circle Area 200"
"Circle",600,18,0.291915939019948,0.358641116449896,-0.0964960098087939,-0.39910875876242,-0.5843530025605,-0.322306915264751,-0.361833586644484,0.989823413417735,-0.424123272049111,2.3583680534094,1.87347146715701,"Circle Area 600 Day 18","Circle Area 600"
"Circle",600,18,1.24018203242762,2.57864993654573,-0.591933993546366,-0.513416690400576,-0.509802958803347,-0.43248295595958,-0.452265696850522,0.831243290542844,-0.0918499289234924,0.956038374782998,0.747842208801861,"Circle Area 600 Day 18","Circle Area 600"
"Circle",600,18,-0.0467676242183431,0.861726938558692,0.202717251506782,-0.278969664820142,-0.230179979144641,-0.259654970882877,-0.286171190712784,3.55293259268817,-0.170543077098616,0.569137440039466,0.350597181664019,"Circle Area 600 Day 18","Circle Area 600"
"Circle",600,18,-0.262712958535421,0.215135305019335,0.233148659294721,-0.389075729503857,-0.211361521497204,-0.381916012033778,-0.394223310930315,0.232663115323311,-0.0627049558294038,1.67137289460132,2.45676268393263,"Circle Area 600 Day 18","Circle Area 600"
"Circle",600,18,0.659811484407146,-0.239808515342138,0.201136186594011,0.255353457488448,0.981921703172305,-0.108760445728433,-0.117312761435988,-0.50108365876445,0.324365066683704,1.17602944164908,1.21134751185569,"Circle Area 600 Day 18","Circle Area 600"
"Circle",600,18,0.470737980074007,-0.284358588142851,-0.401166481978827,-0.169378114457379,0.497225787612046,-0.336292495617806,-0.323138662697679,-0.516466314511577,-0.0393878301400768,2.13083232204408,3.36957134978278,"Circle Area 600 Day 18","Circle Area 600"
"Circle",600,18,0.352015247663728,-1.47077398844105,0.722225148156815,1.78560480038634,0.25475719869315,1.8641950695543,1.70799935411722,-1.46280227678216,1.73273666652989,0.684187239985597,0.344951929718263,"Circle Area 600 Day 18","Circle Area 600"
"Circle",600,18,0.32938492985823,-1.71360996219024,0.480146269838141,-0.100947709770771,-0.472407305786005,-0.0268819279442462,-0.00658309067749609,-1.67216435503569,-0.109339207208058,-0.202627522040818,-0.840733233262561,"Circle Area 600 Day 18","Circle Area 600"
"Circle",600,18,0.253330000063177,-1.63658656709305,0.516128181130671,-0.43761158044699,-0.311002842117606,-0.356642138959245,-0.33514445383296,-1.55391720122675,-0.599004582754203,0.276060919354003,-0.0849907673762583,"Circle Area 600 Day 18","Circle Area 600"
"Circle",600,20,0.292713730195642,0.400227530561444,0.279195128987724,-0.16714855239992,-0.0569536638772108,-0.183823752770911,-0.219750662777308,0.621953549154151,0.0772035343768382,3.18900065293239,2.28019217710941,"Circle Area 600 Day 20","Circle Area 600"
"Circle",600,20,-0.614067945911399,1.80844137023072,-0.118889519266901,-0.368752413826255,-0.587971936723468,-0.302408419676636,-0.343436223250132,1.32565838039604,-0.193280859689635,2.08917705888205,2.05499991070961,"Circle Area 600 Day 20","Circle Area 600"
"Circle",600,20,0.000780027810447366,0.203845478877958,-0.543425498082105,-0.488291241060756,-0.5843530025605,-0.383317449735594,-0.412275183932284,0.378938589863048,-0.179290584276038,0.898452671603761,1.78229022266515,"Circle Area 600 Day 20","Circle Area 600"
"Circle",600,20,-0.571253780658772,1.71698045154071,-0.133223443945803,-0.297663685148062,-0.311002842117606,-0.310845842552639,-0.347063872370145,1.40824788862761,-0.193280859689635,0.725508085513682,0.945595925046709,"Circle Area 600 Day 20","Circle Area 600"
"Circle",600,20,-0.590187696630718,2.73608557843178,-0.541791239991627,-0.350572907819287,-0.397857262028852,-0.322777260794813,-0.366152216549261,2.27242245880545,-0.179290584276038,0.952937411268199,0.865527563660112,"Circle Area 600 Day 20","Circle Area 600"
"Circle",600,20,0.357546494482878,-1.61568230216349,0.966070039975364,0.229113227119899,-0.230179979144641,0.309367131607928,0.150701410454496,-1.64529342414229,1.0098942980202,2.7744494601819,1.98463118878111,"Circle Area 600 Day 20","Circle Area 600"
"Circle",600,20,0.0593502535643637,-0.833593716434952,0.331632554393089,0.621344644458928,0.566468061263511,0.494625677121972,0.418974700139268,-0.896795834677824,0.590186035612311,1.49300162236035,1.40902400167174,"Circle Area 600 Day 20","Circle Area 600"
"Circle",600,20,0.342534980445638,-1.81452666556302,-1.68400711736123,0.685916191738397,0.0122886097742545,0.797182638500349,0.591806268928459,-1.72247685892416,0.800040166816253,0.933900940802348,0.199310607632053,"Circle Area 600 Day 20","Circle Area 600"
"Circle",600,20,-0.0164387951322443,0.0544567732185854,0.116246831004416,0.21333478794404,0.0122886097742545,0.151945362362834,0.071929600991357,-0.220962840336684,0.604176311025907,1.28811001836045,1.60470804962457,"Circle Area 600 Day 20","Circle Area 600"
"Circle",600,20,0.607596852846892,-0.753079931018619,-0.0127621737103136,0.609253557916558,0.375870862013832,0.487042555310776,0.383993797910571,-0.855770498476994,0.904970100453364,1.25955277919475,0.94418268139955,"Circle Area 600 Day 20","Circle Area 600"
"Circle",1000,18,-0.634756968223893,-0.0593109126928658,-0.244701614001435,-0.798629128981602,-1.48631202711104,-0.432982098154747,-0.411670575745615,-0.312609219298453,-0.925444916011808,-0.283997412701212,-0.758334178254583,"Circle Area 1000 Day 18","Circle Area 1000"
"Circle",1000,18,-0.575043222586314,0.449302418448612,-0.469464067084998,-0.813207034741906,-1.47453842796751,-0.484240162043089,-0.477831985886805,0.227865262043257,-0.938769233665864,-0.354068040881211,-0.838850452928258,"Circle Area 1000 Day 18","Circle Area 1000"
"Circle",1000,18,1.88518584635075,-0.811743873037109,0.275751075320335,-0.701385922321685,-1.23431357822966,-0.406767534020092,-0.39586439029413,-0.625503066285357,-0.948762041701135,-0.681058563196175,-1.01085996686616,"Circle Area 1000 Day 18","Circle Area 1000"
"Circle",1000,18,-0.917117363297007,-0.026571051499293,-0.918373978282174,-0.840476293752359,-1.36145879848862,-0.543926049919065,-0.55824487471376,-0.338724303767424,-0.934771766287539,0.407309706811266,0.0374362902107129,"Circle Area 1000 Day 18","Circle Area 1000"
"Circle",1000,18,1.13148466979714,0.493662106322827,-0.0250375224119511,-0.727797657463885,-1.30379711415866,-0.41584808241679,-0.411325085353233,0.595336535418959,-0.843831534456996,1.5705763795688,1.44488795520948,"Circle Area 1000 Day 18","Circle Area 1000"
"Circle",1000,18,-0.491436089665823,1.02832009540934,-1.08581873649489,-0.706188055983903,-1.06518872168026,-0.426637232943101,-0.451833833860045,0.756352491497571,-0.754452087349716,1.05348057960833,1.01178669717677,"Circle Area 1000 Day 18","Circle Area 1000"
"Circle",1000,18,1.58144518947815,-0.532988609821819,-0.0568339489755128,-0.790739909393672,-1.28063593551566,-0.461222027735178,-0.463235016808657,-1.00386177595041,-1.01871456598317,-0.50967864627827,-1.00950155398346,"Circle Area 1000 Day 18","Circle Area 1000"
"Circle",1000,18,1.43102386671847,-0.705236198989477,0.294400194246152,-0.72402455244357,-1.44228166146159,-0.443800045346163,-0.450624617486707,-0.918925010267981,-0.913786353167145,-0.63019566784608,-0.997581654697172,"Circle Area 1000 Day 18","Circle Area 1000"
"Circle",1000,18,3.21143964236448,-0.80482020787677,-0.618911118209665,-0.0812246608009461,-0.403165032134539,-0.0340810942206987,0.114079428861984,-0.719695998141924,-0.347173889239192,0.0348444665998629,0.225366804711372,"Circle Area 1000 Day 18","Circle Area 1000"
"Circle",1000,18,3.40954094672279,-1.05471946239906,-0.196491409510624,0.040543728491013,0.497225787612046,-0.102713146056213,0.027015849981672,-0.85081763762943,-0.249241961344019,-0.229527873838317,-0.173422751002601,"Circle Area 1000 Day 18","Circle Area 1000"
"Circle",1000,18,2.01491803005028,-0.786244985214706,-0.138536624042162,0.165399203708684,0.739694376530941,-0.0199707283188519,0.105874032042907,-0.932971648409431,0.135493480565015,-0.325328392096993,-0.0605331573732345,"Circle Area 1000 Day 18","Circle Area 1000"
"Circle",1000,20,-0.432121231832914,3.54302574323263,0.454169176915736,-0.490177793570913,-0.634053031731936,-0.359003465497922,-0.36675682473593,0.884351835696672,-0.511563927401657,0.0898511004506157,-0.348834861393723,"Circle Area 1000 Day 20","Circle Area 1000"
"Circle",1000,20,1.878497910513,-0.429057478446137,0.993282032977155,-0.491464079373293,-0.849741507844863,-0.307438237181784,-0.275547361147032,-0.593881522513432,-0.599004582754203,0.129287046587352,0.305087647168339,"Circle Area 1000 Day 20","Circle Area 1000"
"Circle",1000,20,-0.505117941366005,0.384082888794349,0.0518151623826811,-0.393191844071473,-0.541890841715002,-0.313898289053854,-0.3091463018062,-0.0879442034753724,-0.435778966858634,0.38779694456373,-0.0998414096357514,"Circle Area 1000 Day 20","Circle Area 1000"
"Circle",1000,20,1.35833313721007,0.255439793959126,0.830665169408791,-0.520534138507078,-0.80824439610949,-0.397475810079284,-0.348791324332056,0.128475886018754,-0.559029908970951,0.444146315884126,0.287356459114363,"Circle Area 1000 Day 20","Circle Area 1000"
"Circle",1000,20,-0.604986558714803,0.461836092776448,-0.87839112166949,-0.394992644194804,-0.611133115366468,-0.285274403938679,-0.301372767977601,0.228071938799936,-0.439111623691476,0.997541629929601,0.79297333379639,"Circle Area 1000 Day 20","Circle Area 1000"
"Circle",1000,20,1.17867333836808,0.364504972186058,0.378155307615715,-0.496094708261861,-0.818859936320865,-0.348550276064512,-0.333762492263431,-0.0129795913027139,-0.599004582754203,0.296658005444948,0.33816372662617,"Circle Area 1000 Day 20","Circle Area 1000"
"Circle",1000,20,0.453612298406603,0.412336011886767,0.230110919669356,-0.813292787128732,-1.23431357822966,-0.540230477897152,-0.621124126127318,-0.368242173408864,-0.599004582754203,0.173815261241038,-0.0325540222166333,"Circle Area 1000 Day 20","Circle Area 1000"
"Circle",1000,20,1.14773278272792,0.329677222965215,0.475185801427809,-0.15377118005517,-0.211361521497204,-0.154355165479299,-0.164299454799966,-0.144964844380629,-0.151310033448846,1.08182500755243,1.039078517117,"Circle Area 1000 Day 20","Circle Area 1000"
"Circle",1000,20,1.51080167671413,0.490235177645849,1.7264255974693,-0.505527470812646,-0.818859936320865,-0.310365898134209,-0.290403448019466,0.762604463387118,-0.519055235187699,0.176657811129604,0.0635928816474801,"Circle Area 1000 Day 20","Circle Area 1000"
"Circle",1000,20,1.93290644834847,0.824094184754101,1.33015892835738,-0.392848834524171,-0.472407305786005,-0.295276445618764,-0.281420697817529,0.133997107947186,-0.479086297474728,-0.05111099919271,-0.241629132924516,"Circle Area 1000 Day 20","Circle Area 1000"
"Circle",1000,20,3.49688472828343,-1.16455887266042,-1.02307656503279,-0.492150098467896,-0.957344483623796,-0.32719274944437,-0.271833339428923,-0.519810049182138,-0.822848989371742,0.340517384830737,0.690563366556068,"Circle Area 1000 Day 20","Circle Area 1000"
"Circle",1000,20,0.382171251311725,-0.621301831060384,-0.112763301908204,-0.317300981731061,-0.230179979144641,-0.259462993115505,-0.210422422182989,-0.207772434472905,-0.365827589790654,0.501377333694024,0.86182841772028,"Circle Area 1000 Day 20","Circle Area 1000"
"Circle",1000,20,3.55553485612911,-0.989201663026617,0.152473840092689,-0.419517826826847,-0.795698757677866,-0.305787228382385,-0.228042432194481,-0.809105839343915,-0.738907336890165,-0.0641684877182618,-0.216793113420341,"Circle Area 1000 Day 20","Circle Area 1000"
"Circle",1000,20,3.00881680269725,-0.874659745080737,-0.298797439016391,-0.188672401493076,-0.126195937528677,-0.263398537346632,-0.184165152361942,-0.670329778546539,-0.319193338412,0.0964634491218789,0.267918566983762,"Circle Area 1000 Day 20","Circle Area 1000"
"Rectangle",1,18,-0.0413776654054015,-0.716551409787721,0.574448362812151,0.0723578640032079,0.765750702504315,0.0209205361313982,0.184041233319378,0.524055198302834,-0.336120481809098,-0.544802631710604,-0.515253954150327,"Rectangle 1to1 Day 18","Rectangle 1to1"
"Rectangle",1,18,0.283752242835747,0.584723216667191,1.3237810663503,-0.145367446146288,0.379731058454332,-0.0873549246664473,0.0193286887511683,0.983755974346651,-0.336120481809098,-0.356003609611036,-0.241513293281307,"Rectangle 1to1 Day 18","Rectangle 1to1"
"Rectangle",1,18,0.45928661557942,-0.406630134104581,1.20006805624375,-0.405968949708446,0.186721236429341,-1.41530353713251,-1.30971238992445,0.0660964120653143,-0.395093020360628,-0.856857859816054,-0.865079637208103,"Rectangle 1to1 Day 18","Rectangle 1to1"
"Rectangle",1,18,-0.0869547805464151,-0.460915222813599,1.65093138459765,-0.109780205613779,0.456934987264329,-0.10204122387041,-0.00209171557652743,-0.103430197600839,-0.315705807681591,-0.219003852236621,0.0154267580008556,"Rectangle 1to1 Day 18","Rectangle 1to1"
"Rectangle",1,18,-0.213005428279845,-0.139418543599334,2.82095215431133,0.155794936384248,1.36625251127957,-0.0892747023401681,0.000326717170147689,-0.101304379532138,-0.111576274617366,-0.159999407580024,0.110183586146452,"Rectangle 1to1 Day 18","Rectangle 1to1"
"Rectangle",1,18,0.835452369923637,-0.576186949644391,1.89514494605553,-0.329477820660257,0.324481996899678,-0.260806837487109,-0.145815718807519,-0.238028435388199,-0.417773442248844,-0.506146993386415,-0.34287298108986,"Rectangle 1to1 Day 18","Rectangle 1to1"
"Rectangle",1,20,-0.268605562681307,0.710237652543617,-0.625720254134463,-0.419603579213672,-0.160696443215644,-0.223179195082184,-0.128195708796027,0.868614876938095,-0.417773442248844,-0.813452477703021,-0.769305736995125,"Rectangle 1to1 Day 20","Rectangle 1to1"
"Rectangle",1,20,-0.675327056844449,2.72447209791536,-0.918302781259704,-0.266964330664597,0.251138264530181,-0.197358185370641,-0.165422298575208,3.09575622560093,-0.369171718764055,-0.577732634786879,-0.400491619622402,"Rectangle 1to1 Day 20","Rectangle 1to1"
"Rectangle",1,20,-0.110368132624627,0.363121508386833,-0.155111618215693,-0.588107019325433,-0.146703231118832,-0.403705488630507,-0.37142094503309,1.01619684383255,-0.402073817891726,-0.812533842596431,-0.771805556495592,"Rectangle 1to1 Day 20","Rectangle 1to1"
"Rectangle",1,20,-0.662041952575351,0.84958038024807,-0.561892532668849,-0.634670565371583,-0.263715435721483,-0.399107621101946,-0.379626341852167,0.757991142925527,-0.434786626700147,-0.920705786537679,-0.936375076282279,"Rectangle 1to1 Day 20","Rectangle 1to1"
"Rectangle",1,20,-0.635050829842491,0.348747446436176,-0.794482975619446,-0.617605840393344,-0.0764959083572413,-0.428029071756548,-0.405538121280831,1.17473267883101,-0.417773442248844,-0.839616097319063,-0.825124999736475,"Rectangle 1to1 Day 20","Rectangle 1to1"
"Rectangle",1,20,-0.0373132127131724,-0.0873038430524024,0.181453483307515,-0.661425310061084,-0.290736810804982,-0.418171013401992,-0.393618702743646,0.162304442299504,-0.417773442248844,-0.90158571166334,-0.885478998377344,"Rectangle 1to1 Day 20","Rectangle 1to1"
"Rectangle",1,20,-0.459674299921816,1.13709969624652,0.757938229312779,-0.497037984516939,0.179965892658466,-0.374275296892369,-0.360797115467337,2.0887237286813,-0.417773442248844,-0.384393639959762,-0.146602012278097,"Rectangle 1to1 Day 20","Rectangle 1to1"
"Rectangle",1,20,-0.45835894306349,0.723532866577448,0.214893988240516,-0.595653229366061,-0.124989626141021,-0.411019841567383,-0.399492039414143,1.5417020229405,-0.417773442248844,-0.450050968758404,-0.209611055541334,"Rectangle 1to1 Day 20","Rectangle 1to1"
"Rectangle",1,20,-1.00749412427764,-0.8986165149985,-0.892073225332335,-0.450302933697138,0.1223042083285,-0.349039819371311,-0.313810422103359,-0.565810390168747,-0.417773442248844,-0.727643446298647,-0.678546921068842,"Rectangle 1to1 Day 20","Rectangle 1to1"
"Rectangle",4,18,0.453919959597448,0.709241304761607,0.293549921759419,-0.181126191452448,-0.957344483623796,0.0214964694335144,-0.0979652994625857,-0.315997241845445,0.220134933620786,-0.513722059488743,-0.537777814376035,"Rectangle 1to4 Day 18","Rectangle 1to4"
"Rectangle",4,18,-0.144856789449948,0.804217998427629,-0.287193551888733,0.00161214487231626,-0.957344483623796,0.272507400272492,0.128417280145845,-0.474828329353447,0.628393999749237,-0.694101864306953,-0.805870906506435,"Rectangle 1to4 Day 18","Rectangle 1to4"
"Rectangle",4,18,-0.00417937345192762,2.57946224556546,-0.86242703068301,-0.923999118520224,-1.3064509992115,-0.630316045236495,-0.729608109335326,0.814030069236558,-0.417773442248844,-0.924890060509118,-1.02530208131727,"Rectangle 1to4 Day 18","Rectangle 1to4"
"Rectangle",4,18,0.461049193769577,0.906676819705053,-0.275439905506915,-0.882923725230894,-1.50283849312193,-0.540758416757426,-0.638916881335001,-0.250495472603601,-0.392259401642171,-0.861367430940517,-0.894388611468752,"Rectangle 1to4 Day 18","Rectangle 1to4"
"Rectangle",4,18,0.114755193677956,2.10227511962471,-1.51613722290515,-0.76913030791369,-2.14746717245765,-0.532100219448945,-0.68607631989517,2.03933536514769,-0.333722804431942,-0.965351554056632,-0.998211822356234,"Rectangle 1to4 Day 18","Rectangle 1to4"
"Rectangle",4,18,1.1153734629441,-0.43326498532176,0.661634026965532,-0.959672111439559,-1.49610727557881,-0.599071663596691,-0.707928587213344,-0.937038751728369,-0.336120481809098,-0.721003736184606,-0.670014945214298,"Rectangle 1to4 Day 18","Rectangle 1to4"
"Rectangle",4,18,0.97303869730459,-0.632712234321877,0.0174585072582479,-0.965674778517331,-1.56344357723778,-0.625209436624398,-0.738936349929646,-1.08890188001119,-0.376949830064111,-0.574662072875166,-0.474824374141539,"Rectangle 1to4 Day 18","Rectangle 1to4"
"Rectangle",4,18,0.941706896939253,-0.350168311069261,0.0476902360406408,-0.824183340255548,-1.34529422589403,-0.574008966066267,-0.684780730923737,-1.0289656205742,-0.38375280941652,-0.523830592514927,-0.422532042403782,"Rectangle 1to4 Day 18","Rectangle 1to4"
"Rectangle",4,18,0.671808823179235,-0.867348963903184,-0.257765449268008,-0.923484604199272,-1.19981307254269,-0.670640975272997,-0.776707087076829,-1.35241474477723,-0.366739624965218,-0.447532702636092,-0.256896797899565,"Rectangle 1to4 Day 18","Rectangle 1to4"
"Rectangle",4,18,0.63545235961509,-0.46222887880644,-0.389979547528735,-0.846135951282831,-1.06518872168026,-0.614353093879507,-0.715097512855274,-0.958533134423011,-0.417773442248844,-0.642569120302191,-0.576191784592973,"Rectangle 1to4 Day 18","Rectangle 1to4"
"Rectangle",4,18,1.05370953342576,-0.662444013676769,0.838964123487678,-0.980852950985414,-1.68465374546947,-0.632936541761123,-0.748005472729678,-1.07739441345179,-0.417773442248844,-0.210537005777095,0.05055706046494,"Rectangle 1to4 Day 18","Rectangle 1to4"
"Rectangle",4,18,0.858379039964268,-0.765670720824405,-0.314262332489004,-0.884124258646449,-1.09582903092673,-0.628271482013982,-0.738331741742977,-1.124140267025,-0.315705807681591,-0.433026071030094,-0.332061281056948,"Rectangle 1to4 Day 18","Rectangle 1to4"
"Rectangle",4,18,0.876846650255172,-0.772930732688225,-0.302919910288691,-0.938319767120053,-1.56344357723778,-0.589952719646518,-0.698859464413311,-1.19342864970171,-0.417773442248844,-0.485124284852261,-0.338733644505831,"Rectangle 1to4 Day 18","Rectangle 1to4"
"Rectangle",4,18,0.772196858606714,-0.896179587939316,-0.0246745812686729,-0.914823613129915,-1.09582903092673,-0.678416074851566,-0.787166808706199,-1.21319580521554,-0.417773442248844,-0.462941248466981,-0.319133576874737,"Rectangle 1to4 Day 18","Rectangle 1to4"
"Rectangle",4,18,0.795491828567677,-0.5202708967317,0.0549981603010157,-0.909506965146745,-1.28063593551566,-0.648678718685633,-0.751287631457309,-0.984234865378623,-0.417773442248844,-0.496078995831013,-0.369508376385228,"Rectangle 1to4 Day 18","Rectangle 1to4"
"Rectangle",4,18,0.70804690462613,-0.308334396553264,0.115653113305547,-0.833530350419508,-1.05433191919135,-0.598716504727052,-0.71051976515621,-0.901224622320951,-0.417773442248844,-0.507515065525297,-0.418045186890123,"Rectangle 1to4 Day 18","Rectangle 1to4"
"Rectangle",4,18,2.01159185836487,-0.117073699392594,1.14949648384103,-1.01704903346438,-1.48631202711104,-0.63440517168152,-0.74040468409727,-0.90473074587176,-0.417773442248844,-0.776456766907343,-0.756705472871054,"Rectangle 1to4 Day 18","Rectangle 1to4"
"Rectangle",4,18,1.82740243749341,-0.429057478446137,0.998388578037036,-1.02819684375167,-1.71157861564196,-0.628482657558091,-0.732112914680097,-0.996281167767928,-0.417773442248844,-0.547579311459149,-0.422895006619173,"Rectangle 1to4 Day 18","Rectangle 1to4"
"Rectangle",4,18,2.11795161392916,-0.214252512041786,1.07854414998899,-1.01435640851807,-1.66260237330311,-0.63549944495554,-0.736172426790588,-0.991985243754095,-0.417773442248844,-0.606051728061737,-0.516412350582424,"Rectangle 1to4 Day 18","Rectangle 1to4"
"Rectangle",4,20,0.36163452241726,-0.106786567197444,0.740608301194097,-0.433495465879375,-0.55323016875897,-0.348857440492308,-0.47308149299155,-0.770398235342987,-0.00951437612039304,-0.329989971236887,-0.21595906798923,"Rectangle 1to4 Day 20","Rectangle 1to4"
"Rectangle",4,20,0.074820959459163,-0.33281155193679,-0.361389032867751,-0.527137072292628,-0.666382176921121,-0.413457959213008,-0.531728487098426,-0.955440364385561,-0.376949830064111,-0.749986597793515,-0.770811652356852,"Rectangle 1to4 Day 20","Rectangle 1to4"
"Rectangle",4,20,0.240477002196804,-0.689434250090079,0.709138398905999,-0.131046797546459,-0.714875894704901,0.0223603693866888,-0.135191889241767,-1.12611107752619,0.357921077823325,-0.325754014540201,-0.325512479894155,"Rectangle 1to4 Day 20","Rectangle 1to4"
"Rectangle",4,20,0.238096206283233,-1.27939271416027,0.621606979097522,-0.336338011606283,-0.569394741353563,-0.228746550335974,-0.358292310122567,-1.60768268321431,0.0925532584468598,-0.491194471601819,-0.470051780841296,"Rectangle 1to4 Day 20","Rectangle 1to4"
"Rectangle",4,20,0.152308631983178,-1.4943436423416,-0.156891543777431,-0.180440172357845,-0.714875894704901,-0.0458877269140809,-0.191938686190541,-1.58660903534577,0.534832957407635,-0.696536019327394,-0.940050282029182,"Rectangle 1to4 Day 20","Rectangle 1to4"
"Rectangle",4,20,0.306863062836543,-1.06460044008435,1.05293408999276,-0.0657034787855628,0.0122886097742545,-0.101177323917236,-0.232188316903067,-1.32703041026937,0.398750426078338,-0.51627579414799,-0.532395904552509,"Rectangle 1to4 Day 20","Rectangle 1to4"
"Rectangle",4,20,0.714689456760679,-1.09652164609398,1.19554990956497,-0.315414429220904,-0.634053031731936,-0.229802428056521,-0.364511137185446,-1.32869858694828,0.143587075730487,-0.589290310893508,-0.581293362479931,"Rectangle 1to4 Day 20","Rectangle 1to4"
"Rectangle",4,20,0.150953814419102,-0.618909327150716,0.776155665142589,-0.327248258602799,-0.418605817896539,-0.254183604512773,-0.390854779604588,-1.32812284455468,-0.111576274617366,-0.479961079261443,-0.468344304500384,"Rectangle 1to4 Day 20","Rectangle 1to4"
"Rectangle",4,20,0.269007092453906,1.19276824875476,-1.01870817760817,-0.852224370747429,-1.49610727557881,-0.509014892922454,-0.630365994123542,0.351974654429145,-0.399217254892147,-0.371016934601805,-0.167870170771412,"Rectangle 1to4 Day 20","Rectangle 1to4"
"Rectangle",4,20,1.07903015294854,0.991632920073023,0.946213026737305,-0.321159839138201,-0.387000459539947,-0.260326893068679,-0.40847478961608,-0.12082057041285,-0.00951437612039304,-0.204411082755213,-0.0688041078984123,"Rectangle 1to4 Day 20","Rectangle 1to4"
"Rectangle",4,20,0.719569430705071,0.628283287850111,0.407192235791149,-0.251700405809689,-0.375661132495978,-0.199277963044362,-0.349482305116821,-0.132032784462699,0.143587075730487,-0.212437105969987,-0.0763800205643317,"Rectangle 1to4 Day 20","Rectangle 1to4"
"Rectangle",4,20,0.742443486471369,0.290121581402986,0.0109554366944104,-0.209767488652106,-0.360702871289041,-0.141396666181684,-0.295585803905199,-0.268520638311127,0.220134933620786,-0.173745999108864,-0.0015476110508169,"Rectangle 1to4 Day 20","Rectangle 1to4"
"Rectangle",4,20,0.581575342698036,0.0598827436238007,-0.120444396769109,-0.300579266300123,-0.472407305786005,-0.259558981999191,-0.400269392797003,-0.531996596513475,0.0779721677943951,0.0044580643151387,0.295125437852298,"Rectangle 1to4 Day 20","Rectangle 1to4"
"Rectangle",4,20,0.495393161340483,-0.45814829521515,-0.507133838824004,-0.243725433834934,-0.634053031731936,-0.120951033956559,-0.268810298495579,-0.848212034232724,0.0925532584468598,-0.112669178508553,0.0110789100590487,"Rectangle 1to4 Day 20","Rectangle 1to4"
"Rectangle",4,20,0.806672361863452,0.641489655584909,1.34282095054312,-0.397307958639088,-0.440078160596819,-0.368813529410634,-0.506421315856431,-0.110006947250882,-0.0548752198968253,0.000510922847771694,0.331089785747493,"Rectangle 1to4 Day 20","Rectangle 1to4"
"Rectangle",4,20,0.436438866950288,0.0329623150168739,0.662241656726263,-0.506642251841375,-0.391825705090571,-0.48498887533584,-0.612400493719668,-0.499961699228192,-0.0969951839649009,-0.076217656408119,0.202847578071391,"Rectangle 1to4 Day 20","Rectangle 1to4"
"Rectangle",4,20,0.592532265327896,0.0436619478861049,-0.223607654792541,-0.0933157473433169,-0.472407305786005,0.00172275939419152,-0.164990435584731,-0.66885351599883,0.31126388216355,0.0558975767371029,0.228340022220422,"Rectangle 1to4 Day 20","Rectangle 1to4"
"Rectangle",4,20,0.789467494156542,0.0929779900135046,-0.219344017010172,-0.234549928444624,-0.55323016875897,-0.156562909804077,-0.308455321021435,-0.62594594504967,0.107134349099325,0.0275582157268541,0.337661754838928,"Rectangle 1to4 Day 20","Rectangle 1to4"
"Rectangle",4,20,0.629322796655289,0.076325655109078,0.113842499372056,-0.209681736265281,-0.55323016875897,-0.057502381840091,-0.213790953508715,-0.568593145071179,-0.00951437612039304,-0.292297050343763,-0.182790316816831,"Rectangle 1to4 Day 20","Rectangle 1to4"
"Rectangle",4,20,0.605541144656745,0.546062384259506,0.237981873256846,-0.150255332195331,-0.569394741353563,-0.0336011498022686,-0.196343688693414,-0.465225241480601,0.194620893014113,-0.142153666568385,-0.0125832677272681,"Rectangle 1to4 Day 20","Rectangle 1to4"
"Rectangle",4,20,0.434991974406129,-0.420591695381158,-0.0411231393505769,-0.276482845602208,-0.526450055953003,-0.174224864402307,-0.319338268381474,-0.961470896892952,0.0245119927822114,-0.394329897235124,-0.404152152347831,"Rectangle 1to4 Day 20","Rectangle 1to4"
"Rectangle",4,20,0.550506613704364,0.315201622387092,0.66738748290199,-0.269965664203483,-0.403165032134539,-0.205037296065524,-0.359242408701618,-0.647204125736678,0.194620893014113,-0.143324128287206,0.0684890372338134,"Rectangle 1to4 Day 20","Rectangle 1to4"
"Rectangle",4,20,1.83757014600828,-0.814199838588943,2.90137369215182,-0.771445622357974,-1.07869940922201,-0.525572975358295,-0.63641207599023,-1.38911463171327,-0.366739624965218,-0.617614471102214,-0.551436080574756,"Rectangle 1to4 Day 20","Rectangle 1to4"
"Rectangle",4,20,1.65480131054381,-0.424830933077864,2.7955642781266,-0.785680518570978,-1.28063593551566,-0.476292282473886,-0.602726762732967,-1.0800959739141,-0.376949830064111,-0.285735371010977,-0.160155250533641,"Rectangle 1to4 Day 20","Rectangle 1to4"
"Rectangle",4,20,1.86341690827439,-0.578198683701061,2.9968534002446,-0.698384588782799,-0.957344483623796,-0.508237382964597,-0.619051183773025,-1.04944876342366,-0.295296869624365,-0.345748135503269,-0.26229492527314,"Rectangle 1to4 Day 20","Rectangle 1to4"
"Rectangle",4,20,1.07436063610148,0.38225519349996,0.928947339610162,-0.109351443679652,-0.403165032134539,-0.0405123494276631,-0.191679568396255,-0.500507916370844,0.223777338248762,-0.290478021092435,-0.168673325631,"Rectangle 1to4 Day 20","Rectangle 1to4"
"Star",1,18,-1.50732973044172,-0.182591498765039,-1.39866500007851,-0.325275953705817,0.336786373053772,-0.25159190465325,-0.154193860822787,0.566940625313779,-0.438188116376351,-0.701751414336843,-0.625059124213161,"Star 1to1 Day 18","Star 1to1"
"Star",1,18,-0.942410266927647,0.243515351396086,-0.00718180019054925,-0.265935302022693,0.398066991546706,-0.203405485042862,-0.0635026328224619,0.846153542274704,-0.370668833107208,-0.55676566252505,-0.438571971666896,"Star 1to1 Day 18","Star 1to1"
"Star",1,18,-1.39281476235581,0.743688284129452,-1.36781050193865,-0.435382018389532,-0.0656391058683354,-0.281271667488972,-0.200662318598192,1.18330238292047,-0.417773442248844,-0.681104672294189,-0.582482649483552,"Star 1to1 Day 18","Star 1to1"
"Star",1,18,-1.52303509133014,-0.302870349162749,-0.898476865571689,-0.296205894572032,-0.0516458937715236,-0.119031256282838,0.0234745734597546,3.19456247791909,1.98468781752079,-1.05418250480778,-1.06967407051663,"Star 1to1 Day 18","Star 1to1"
"Star",1,18,-0.775517788743179,1.33782252425418,-0.898278414101013,0.449754118421456,0.516768032092076,0.32722106397353,0.293734432900723,1.5001083256588,-0.0639496830802239,-0.864672085195995,-0.928554355837043,"Star 1to1 Day 18","Star 1to1"
"Star",1,18,-0.653281675898896,0.824068800097234,-1.0587466824683,0.60848178643513,0.35005579831799,0.690059044306736,0.617890793553314,1.16814116655549,0.296682791511086,-0.813494533253957,-0.913390946540884,"Star 1to1 Day 18","Star 1to1"
"Star",1,18,-0.26729020582298,1.59554659925557,0.5239152531687,0.234944389424021,1.1401897572328,0.075250244297693,0.0401444848921952,1.79846836786351,-0.124333294920702,-0.34793705092548,-0.173855219003917,"Star 1to1 Day 18","Star 1to1"
"Star",1,18,0.353387234915552,1.80469078717869,-0.147874890977788,0.379522913611516,0.85646531885606,0.301688020913046,0.233100869037649,1.94882570834766,-0.0860622340106926,-0.245742062150993,-0.00560972120603969,"Star 1to1 Day 18","Star 1to1"
"Star",1,18,-0.359536182297419,1.62880049975069,-0.578137319962306,0.504892903150139,0.765750702504315,0.471780322804697,0.411892147095433,1.79153731520201,0.16910111633716,-0.416594004561967,-0.334300847492337,"Star 1to1 Day 18","Star 1to1"
"Star",1,18,0.283318175072499,0.891255640658652,-0.360641464131821,0.665507123673969,0.708571542729411,0.716935931738825,0.634733450181946,1.28272128419592,0.223777338248762,-0.504849858321401,-0.496475575721734,"Star 1to1 Day 18","Star 1to1"
"Star",1,18,-0.327033714328171,1.54693498135622,-0.671052298533031,0.496231912080781,0.625336056981134,0.503456654421088,0.425970880585007,1.73261229561021,0.13083005542715,-0.546059231304836,-0.476819132797611,"Star 1to1 Day 18","Star 1to1"
"Star",1,18,0.653841048494495,-0.799406929799988,0.431299383928005,-0.371067728270539,0.290705278045304,-0.287146187170557,-0.270796868251777,-0.624299912308975,-0.417773442248844,-0.313410963687176,-0.138269280609874,"Star 1to1 Day 18","Star 1to1"
"Star",1,18,0.6142224999217,-0.624811259872178,1.40221277016626,0.53036136203726,1.48640112549013,0.276730911154677,0.254003037776772,-0.18152448637464,0.424264466685012,-0.24260563009926,-0.0393190573800842,"Star 1to1 Day 18","Star 1to1"
"Star",1,18,0.499799606815877,0.00329399730414804,0.801590596830672,0.342992396823928,1.33464715292298,0.0995354318702595,0.0913634355628552,0.154635258364156,-0.131990948744872,0.0552034067999664,0.407103759621748,"Star 1to1 Day 18","Star 1to1"
"Star",1,18,0.171065620782914,0.830662464718309,0.160163527697685,1.06991537994219,0.943802263322369,1.08553324509319,0.953534709752613,0.985970368168215,0.759904883065153,0.00538531320926985,0.178791545498161,"Star 1to1 Day 18","Star 1to1"
"Star",1,18,0.284278385579077,0.445310681156354,0.83305722569245,0.512010351256641,1.30280053228885,0.330964630437286,0.281987759559729,1.25698264667662,-0.0880239700465475,-0.119626078681461,0.126779545696972,"Star 1to1 Day 18","Star 1to1"
"Star",1,18,0.182062004118524,-0.5876417760554,0.595942089210429,1.28824095679947,1.53778999060428,1.12796033168242,1.01468650920426,-0.313421163699693,1.21526855833524,-0.101329380557376,-0.0226767619722799,"Star 1to1 Day 18","Star 1to1"
"Star",1,18,0.53260460686254,0.735647694066987,0.84055337196625,0.80356846646274,1.0128032746963,0.74198903038088,0.651748852006769,1.43907963193651,0.466791691742987,-0.114199392530562,0.0812468432726499,"Star 1to1 Day 18","Star 1to1"
"Star",1,18,0.438267212983362,0.120279188473429,0.67353456835348,1.17033142491465,1.35394813512548,1.04521791394506,0.926068223558229,0.0604349451948505,0.716287804653925,-0.294749446326056,-0.2722494119463,"Star 1to1 Day 18","Star 1to1"
"Star",1,18,-1.32433728431133,-1.559157017486,-0.108705480805733,7.45803943649466,3.33929541693004,7.47800894304827,7.42482887686534,-1.52448052602544,8.08769451362735,-0.341618584417384,-0.927109449354074,"Star 1to1 Day 18","Star 1to1"
"Star",1,18,-1.21947703556554,-1.34841994234451,-0.166937279976561,4.74157532664207,2.69584892275423,4.61610037594918,4.48867877720529,-1.16797788337921,3.86896969638101,-0.135586920301751,-0.51910832521206,"Star 1to1 Day 18","Star 1to1"
"Star",1,18,-1.18522514297472,-0.371967385153371,-0.512173278644316,2.69552337698985,2.40633418971674,2.30286426799947,2.27028496771924,-0.430200912536207,1.97346806405256,-0.243568347530325,-0.341243503442043,"Star 1to1 Day 18","Star 1to1"
"Star",1,18,-1.18337048980448,-1.47468322559849,-0.704578321728653,4.40182437004013,2.5303430003678,4.2936737156478,4.19613478745567,-1.40599569394632,4.00505796378059,-0.547204358354419,-1.01356366413868,"Star 1to1 Day 18","Star 1to1"
"Star",1,18,-1.23606368554904,-0.830509480625671,-0.86070193501214,2.13101541451875,1.95348489479061,1.92524399957861,1.91762564969512,-0.610858541812085,1.2735929209451,-0.346665250529705,-0.505014501954871,"Star 1to1 Day 18","Star 1to1"
"Star",1,18,-1.46430440760586,-0.56068961662739,-0.468409205453238,1.15360970948371,2.19957241787247,0.70109776593063,0.762133032372879,-0.508509259379426,0.602879959142564,-0.491442751360357,-0.495395177982731,"Star 1to1 Day 18","Star 1to1"
"Star",1,18,-0.864606908757634,-1.30249275190878,-0.381216585268926,0.684372648775541,2.13829179937953,0.3480506517334,0.465270412718481,-1.15732664909749,0.347716608794712,-0.13760355997314,0.163755559809532,"Star 1to1 Day 18","Star 1to1"
"Star",1,18,1.06852045165051,-0.834076024915415,-0.00147253550941754,0.0491189671735453,0.765750702504315,0.0417501238912675,0.224031746237616,-0.470185483640903,-0.417773442248844,-0.590268229126116,-0.544144361166845,"Star 1to1 Day 18","Star 1to1"
"Star",1,18,0.542022561968158,-0.432052867956385,-0.087892217903816,0.149277754985523,1.34478016857929,-0.0382086162191983,0.0829852935475871,-0.339233614346383,-0.188124132507665,0.245684650936974,0.843494863521613,"Star 1to1 Day 18","Star 1to1"
"Star",1,18,0.516162646133459,-1.36528170066808,-0.779660082883929,-0.0759080128177762,0.572740880479323,-0.0361928496617917,0.153897196584032,-1.1954363667666,-0.376949830064111,-0.257796297774698,-0.0508952990581811,"Star 1to1 Day 18","Star 1to1"
"Star",1,18,1.20654084679471,-0.911892690539681,0.406632070712065,0.285452545264137,1.02317755263015,0.174118794494307,0.362659766180971,-0.866879374148503,-0.213643909184619,0.451326161146333,1.01524644118731,"Star 1to1 Day 18","Star 1to1"
"Star",1,20,-1.23014457968657,-0.613026432921904,-1.37165800540003,0.0450028526059297,0.765750702504315,-0.0454077824956508,-0.0117654465632289,-0.00163451362357085,-0.259004752961051,-0.722868367840564,-0.67325536616702,"Star 1to1 Day 20","Star 1to1"
"Star",1,20,-1.37099299207618,2.37627075967753,-1.13924841925364,-0.193646039928945,0.647049661958945,-0.213100362295151,-0.221046251748741,2.74066341368777,-0.346330686907991,-0.794502651805966,-0.708629704146133,"Star 1to1 Day 20","Star 1to1"
"Star",1,20,-0.849822297670044,1.38295009799861,-1.20799937390519,-0.381443767076403,-0.0311386001813685,-0.244872682795228,-0.207053890857262,1.64092162877201,-0.417773442248844,-0.409383757696674,-0.228214902240824,"Star 1to1 Day 20","Star 1to1"
"Star",1,20,-1.40616563446783,-1.26366057306725,-1.30557284730819,-0.521134405214855,0.186721236429341,-0.370925284851727,-0.392668604164595,-0.953558129637232,-0.38375280941652,-0.66687925551674,-0.569590469458592,"Star 1to1 Day 20","Star 1to1"
"Star",1,20,-1.51882594938349,-1.12297880471309,-1.17837895748814,-0.486147431390123,-0.0921779563967722,-0.323612364082881,-0.298695217436639,1.64874582027487,-0.050337988305126,-0.0583364468595463,0.268381925556602,"Star 1to1 Day 20","Star 1to1"
"Star",1,20,0.177510869388714,1.51401742756458,-0.889271990758622,0.313665080529668,0.765750702504315,0.307255376166835,0.276978148870187,1.64874582027487,-0.050337988305126,-0.0583364468595463,0.268381925556602,"Star 1to1 Day 20","Star 1to1"
"Star",1,20,-1.26967105327928,1.78655344984758,-1.0235450741749,0.369146874805652,0.0598172784479086,0.6147077706132,0.589733326574166,1.96270257629612,0.026508145239748,-0.757031662615372,-0.781150726645469,"Star 1to1 Day 20","Star 1to1"
"Star",1,20,-0.315800566758062,1.72597296623567,-0.740866707560434,0.221481264692445,0.493365591171546,0.293528965799733,0.265145102931097,2.08581549146231,-0.156942854464078,-0.385979590254096,-0.222886278653175,"Star 1to1 Day 20","Star 1to1"
"Star",1,20,0.290223798578713,-0.099621747796873,0.443116862123071,-0.139450531455341,0.684445314976287,-0.210892617970372,-0.139424146548449,2.08581549146231,-0.156942854464078,-0.385979590254096,-0.222886278653175,"Star 1to1 Day 20","Star 1to1"
"Star",1,20,0.408171848064852,-0.636443778881253,1.02446796553195,-0.120241996806468,0.765750702504315,-0.243528838423623,-0.173886813188572,0.113787073669051,-0.395093020360628,-0.11325187590104,0.207535222299947,"Star 1to1 Day 20","Star 1to1"
"Star",1,20,0.573591126567994,-1.09670568485626,-0.0389606320876386,-0.500468079989952,0.302527129644336,-0.417652673430088,-0.343954458838706,-0.324995062073731,-0.315705807681591,-0.428531700707175,-0.319094963660333,"Star 1to1 Day 20","Star 1to1"
"Star",1,20,0.388651952287286,-0.669881718138655,0.0513990280616956,-0.331878887491366,0.214225136067902,-0.219435628618429,-0.170950144853323,-0.821093091231311,-0.417773442248844,-0.47173237869276,-0.312808732355483,"Star 1to1 Day 20","Star 1to1"
"Star",1,20,0.298892000275085,0.369086902750462,0.399633076060681,0.0472324146633882,0.9672047042429,-0.0249621502705258,0.00205416913205869,-0.453673487044778,-0.359449079638986,-0.238156862180969,-0.0223215203997699,"Star 1to1 Day 20","Star 1to1"
"Star",1,20,0.20396269580966,1.18184650013795,-0.284648872102884,1.33789158877133,0.606035074778634,1.47822376825276,1.35957229339978,0.792572593105608,-0.366739624965218,-0.136483767592796,0.1671612453199,"Star 1to1 Day 20","Star 1to1"
"Star",1,20,0.326974869200356,-0.57261405919043,0.220286139746855,-0.455619581680308,-0.160696443215644,-0.28980507924866,-0.24764901196217,1.46926181972442,0.865333854816649,-0.108281213796436,-0.0394966781663392,"Star 1to1 Day 20","Star 1to1"
"Star",1,20,0.610920954207301,0.645405238906567,0.0959474960348084,0.757862444284843,1.1517703465543,0.619027270379072,0.588005874612255,-0.395877808301975,-0.417773442248844,0.0987385024195012,0.481326080347691,"Star 1to1 Day 20","Star 1to1"
"Star",1,20,0.32485714465845,0.857316354428137,0.5321561039304,1.77299919952302,0.409406318590674,2.04743784851093,1.87893072574831,0.656409517017677,-0.0707526624326326,-0.25929611019362,-0.0993857737057931,"Star 1to1 Day 20","Star 1to1"
"Star",1,20,0.254077792111901,-0.484998916015694,0.801666703992622,0.174660461485819,1.28036314047845,-0.00883601781127204,0.0431675258255396,1.15272160424468,1.05488229722841,-0.181979766611395,-0.181377073169672,"Star 1to1 Day 20","Star 1to1"
"Star",1,20,0.390204073380111,-0.593042361803749,0.526752086253649,0.107602094988416,1.0745664177443,-0.0218905059925726,0.0166511382102062,-0.540248904155168,-0.417773442248844,-0.315534008969367,-0.124963166926511,"Star 1to1 Day 20","Star 1to1"
"Star",1,20,0.64842177823819,-0.848177201804758,-0.113536239698117,-0.615633535496361,-0.649735079771466,-0.318928106559003,-0.255336173192674,-0.402410270075587,-0.271968271794477,-0.160617573509445,-0.0139656208029048,"Star 1to1 Day 20","Star 1to1"
"Star",1,20,-0.167520388118914,-0.350860042968873,-0.206332147386436,0.569464450429607,1.82730472364177,0.243134801864565,0.344953383571383,-0.311907994588291,0.0925532584468598,-0.126922463422165,0.324247524155236,"Star 1to1 Day 20","Star 1to1"
"Star",1,20,-0.527901860163213,-0.201261913890353,-0.199102376179462,0.426772478752269,1.9464882887422,0.0644994893248572,0.202697714508016,0.048255779176252,0.126573891279184,-0.227065343988329,0.0851776684989015,"Star 1to1 Day 20","Star 1to1"
"Star",1,20,0.147810111527701,-0.114706580139793,0.193216540790004,0.323097843080454,2.05240242857841,-0.074972358670949,0.045931448964597,-0.0735284996969949,-0.168283065408186,0.160038268109111,0.684925837253192,"Star 1to1 Day 20","Star 1to1"
"Star",1,20,0.190782820089228,0.489981331077184,0.121390611288693,0.402761810441179,2.05240242857841,0.0123775254833412,0.11494315484294,0.69280677013144,-0.0435350089527172,0.217912786517669,0.936560432876346,"Star 1to1 Day 20","Star 1to1"
"Star",1,20,-0.708973885280441,0.247678435122193,-0.345655309258572,0.337675748840758,1.64804685143606,0.0549006009562541,0.169271519045039,0.344312851806536,-0.176525798400945,-0.478674078064125,-0.285354736914766,"Star 1to1 Day 20","Star 1to1"
"Star",1,20,-0.789105425089692,-0.335559441042589,-0.184512715069276,0.657103389765088,2.2191146623525,0.187653227094038,0.283887956717831,-0.242006962954275,0.194620893014113,-0.0969008803744762,0.237800259749221,"Star 1to1 Day 20","Star 1to1"
"Star",1,20,-0.252834433949972,-0.185085541302174,-0.221930842159897,0.41228032537879,1.70932746992899,0.0860009992705288,0.174972110519345,-0.0245387270512745,0.0131660457678232,0.206350043477192,0.796463968378444,"Star 1to1 Day 20","Star 1to1"
"Star",1,20,-0.592722646141543,-0.316178255525014,-0.128206099753154,0.438177546200037,2.12815878372322,-0.0432960270545581,0.0777165650637587,-0.0985954377570923,0.0131660457678232,-0.198249691196396,0.163554771094635,"Star 1to1 Day 20","Star 1to1"
"Star",1,20,-0.887362582406683,0.393195980609423,-0.344119253957707,0.754175091651354,2.24275836555056,0.279130633246828,0.350135739457116,0.52539859722125,0.33070342434341,-0.400942245906387,-0.196613847573198,"Star 1to1 Day 20","Star 1to1"
"Star",1,20,-1.11084171263636,-0.289391096366636,-0.213308228053577,0.574180831705,2.2191146623525,0.125644408232861,0.227918513151916,0.177229456656841,-0.0911673365601393,-0.278986215125826,-0.057127471862867,"Star 1to1 Day 20","Star 1to1"
"Star",1,20,-0.421581565304681,0.0616406311118062,0.357094901026606,-0.0905716709649064,0.765750702504315,-0.12335075604871,-0.0880324506815976,0.411814956800526,-0.306430582038383,0.387650003482146,0.999113840209625,"Star 1to1 Day 20","Star 1to1"
"Star",1,20,-0.672038664698632,-0.613026432921904,-1.09018835145438,-0.0423788295690748,0.765750702504315,-0.0816915805289713,0.000240344572052295,-0.527626859372256,-0.392259401642171,-0.450202976773835,-0.329118954119419,"Star 1to1 Day 20","Star 1to1"
"Star",1,20,-0.845442159331817,-0.084340184363238,0.665599782952741,-0.176667067337531,0.60313992744826,-0.177296508680261,-0.107207167458809,-0.0842683097315771,-0.372412598472412,-0.221010358040314,0.103781515198391,"Star 1to1 Day 20","Star 1to1"
"Star",1,20,-0.545711792024954,-0.552845757655641,-0.0127944987952279,-0.207023412273696,0.662731709998476,-0.193614618906886,-0.121631391340766,-0.280175731125288,-0.417773442248844,-0.0858194960495317,0.253299604010689,"Star 1to1 Day 20","Star 1to1"
"Star",4,18,-0.917852554382691,-1.19079391553195,-0.850865288919228,-0.48271733591711,0.0796007852054706,-0.30650714501003,-0.225969489840187,-0.827308156557166,-0.38375280941652,-0.905512078701932,-0.971567932153697,"Star 1to4 Day 18","Star 1to4"
"Star",4,18,-1.43144679328486,0.597485352906825,-1.32807110640855,1.09975721055741,0.703987559456317,1.15243749702236,1.05977300541014,0.848700095169502,0.744199522637754,-0.918628343660117,-0.996547592815453,"Star 1to4 Day 18","Star 1to4"
"Star",4,18,-1.04973023299851,-0.158812421445342,-0.0991037030513117,0.305690108554913,0.937288181829026,0.170471216914238,0.141891405448751,0.316699360851641,0.0585326256145358,-0.640795693455492,-0.558655979403877,"Star 1to4 Day 18","Star 1to4"
"Star",4,18,-1.39969407872486,2.50019230833558,0.111519594219416,-0.0502680491570044,0.611342844884321,-0.124982567071372,-0.166631514948546,2.8218283285608,-0.305501338652978,-0.717758365055147,-0.61799445050594,"Star 1to4 Day 18","Star 1to4"
"Star",4,18,-1.17418929893336,-0.882370334603938,-1.16985536452801,-0.281885245972203,0.894343496428465,-0.321519806418526,-0.335317199029151,-0.0718529417053453,-0.395093020360628,-0.650691415260072,-0.577710056183309,"Star 1to4 Day 18","Star 1to4"
"Star",4,18,-0.70715869281595,-0.252602382402856,-0.733451987766355,-0.0386914769355858,1.03813581383708,-0.173840908867563,-0.161017296072335,0.977836161530339,1.45651620218314,-0.725249826748988,-0.546688199731731,"Star 1to4 Day 18","Star 1to4"
"Star",4,18,-0.809546070668086,-0.842782962220626,-0.783663483273823,-0.296120142185206,0.637157908580164,-0.281962787451511,-0.281766188209911,-0.231414779174463,-0.349732176584196,-0.726775480530534,-0.666251701338557,"Star 1to4 Day 18","Star 1to4"
"Star",4,18,-1.2502432324818,-0.905724218921121,-1.15926746709456,-0.0861982992368149,0.765750702504315,-0.120951033956559,-0.120422174967428,-0.185702309384657,-0.315705807681591,-0.540211989644577,-0.557818844915614,"Star 1to4 Day 18","Star 1to4"
"Star",4,18,-0.266145845356236,-0.0174452673557851,0.200404575811393,-0.456477105548561,0.0342434770295971,-0.320089572051604,-0.304136691116658,0.331779382776487,-0.436329629605541,-0.701331872214252,-0.629427051026457,"Star 1to4 Day 18","Star 1to4"
"Star",4,18,-1.10018732208391,-1.58578552253896,-0.243233482296719,0.078703540628282,0.508323852378482,0.0411741905891512,0.327765236550369,-1.07488476712069,-0.366739624965218,-0.540526139543135,-0.510163187963401,"Star 1to4 Day 18","Star 1to4"
"Star",4,18,-1.00321921448808,-1.60518574654919,0.26170071119644,0.0733011402582864,0.765750702504315,-0.0208346282720262,0.147160133932579,-1.57651878083218,-0.417773442248844,-0.424604826975198,-0.291054047360687,"Star 1to4 Day 18","Star 1to4"
"Star",4,18,-0.851755872251784,-1.48971094246346,0.0208534595308308,0.0515200340046544,0.765750702504315,0.00565830362531882,0.1545018047707,-1.45171554504887,-0.213643909184619,-0.319349410156694,-0.14758278792394,"Star 1to4 Day 18","Star 1to4"
"Star",4,18,-0.86922381133036,-1.90580989165497,0.0741329738571283,5.16021847912329,2.30982927870425,5.29282200593572,6.50107394023346,-1.78911313593392,7.95157756587637,-0.42741190832683,-0.926577359259597,"Star 1to4 Day 18","Star 1to4"
"Star",4,18,-1.25601764908986,-1.82060629088255,-0.706872993579279,6.21214300830954,2.69584892275423,6.22535401094553,8.82406496601321,-1.48450333623348,0.296682791511086,-0.716702416041284,-0.795398230495983,"Star 1to4 Day 18","Star 1to4"
"Star",4,18,-0.583699298093423,-0.35923697973482,0.0376571843685024,-0.666055938949652,-0.957344483623796,-0.453302944831081,-0.490183267414468,-0.928269752194978,-0.38375280941652,-0.349259520659733,-0.139651633685511,"Star 1to4 Day 18","Star 1to4"
"Star",4,18,-0.91623466544695,-1.52036291562977,-0.72982012126383,-0.293804827740923,0.103968275236125,-0.174416842169679,-0.0211800597556436,-1.45131695416098,-0.417773442248844,-0.797007743900275,-0.770081862604631,"Star 1to4 Day 18","Star 1to4"
"Star",4,20,-1.19257798781277,0.322080864397914,0.664801885287135,-0.28908844646553,0.274540705450711,-0.256295359953866,-0.230288119744965,0.917412735452613,-0.433478802676243,-0.643719314285622,-0.516729751204819,"Star 1to4 Day 20","Star 1to4"
"Star",4,20,-1.44156188752539,0.339526469829418,-0.781775125465221,-0.426378017772873,0.0943177841348761,-0.347024052813904,-0.300681787192836,0.605293926303256,-0.399217254892147,-0.939561367465166,-0.985467917074582,"Star 1to4 Day 20","Star 1to4"
"Star",4,20,-1.31690551806179,0.347941483580664,0.48950663240143,-0.468225182543631,0.0639187371659397,-0.330168404838637,-0.320288366960526,0.663731779254313,-0.400760257797542,-0.815207663587868,-0.786083178653341,"Star 1to4 Day 20","Star 1to4"
"Star",4,20,-1.08303506865134,0.164689645661376,1.71032852353855,-0.396193177610359,0.177553269883153,-0.312506450240407,-0.29109442880423,0.574609809249126,-0.399217254892147,-0.852070620716737,-0.905159381494397,"Star 1to4 Day 20","Star 1to4"
"Star",4,20,-0.568875226300084,-0.191971129477213,0.804009658881475,-0.354260260452776,0.594213223179604,-0.352879374718753,-0.318042679410041,0.389789119588709,-0.380661067535451,-0.460934742663288,-0.344958094667636,"Star 1to4 Day 20","Star 1to4"
"Star",4,20,-1.54618537203668,-0.367258531304635,-1.1907602833669,-0.374154814196251,0.0902163254168449,-0.266182214973527,-0.239616360339284,-0.165610376110338,-0.392259401642171,-0.922142262283505,-0.956579826850928,"Star 1to4 Day 20","Star 1to4"
"Star",4,20,-1.16488972594499,-0.252602382402856,1.08978345926021,0.144904383257431,1.45190061980316,-0.086491024713273,-0.0636753780186532,0.0560135388644624,-0.122916485561474,-0.514345292352012,-0.468672516822812,"Star 1to4 Day 20","Star 1to4"
"Star",4,20,-0.908303063591241,0.153444242669515,0.0251723363823569,-0.360863194238326,0.177553269883153,-0.264166448416121,-0.237025182396417,0.346815116824902,-0.376949830064111,-0.462991917805458,-0.229759430816955,"Star 1to4 Day 20","Star 1to4"
"Star",4,20,-0.969835457423755,-0.168382437084014,0.397650198067076,-0.5395711683823,-0.177826064920362,-0.335793353422639,-0.31631522744813,0.239225102347877,-0.417773442248844,-0.390002735729179,-0.168588376559313,"Star 1to4 Day 20","Star 1to4"
"Star",4,20,0.298773618157835,-0.00192889584613481,1.69165894569823,-0.483231850238062,0.148119272024342,-0.35694930338704,-0.319079150587188,0.311333146490719,-0.399217254892147,-0.609436439872008,-0.530493817611005,"Star 1to4 Day 20","Star 1to4"
"Star",4,20,-0.668276744083819,0.435042587453854,3.09867864525956,-0.42843607505668,-0.106894955326178,-0.253415693443285,-0.22786968699829,0.879148010215998,-0.402073817891726,-0.495324022687704,-0.400646072480015,"Star 1to4 Day 20","Star 1to4"
"Star",4,20,-1.17717515900176,0.0409838665866888,0.119642192455289,-0.391562548721791,0.0342434770295971,-0.277028958830049,-0.228819785577341,0.0380178984078907,-0.395093020360628,-0.71646933708429,-0.682948055246526,"Star 1to4 Day 20","Star 1to4"
"Star",4,20,-1.16569209362857,0.808444543795901,-0.407637227457751,-0.421490131723829,-0.00628858559565083,-0.277412914364793,-0.247044403775501,1.31907424943325,-0.40319235159638,-0.824219205436023,-0.796892561893389,"Star 1to4 Day 20","Star 1to4"
"Star",4,20,-1.34646158666839,-0.892340158588257,-0.650637166107337,-0.244154195769061,0.251138264530181,-0.13592529981158,-0.0769767581253674,-0.420073751458924,-0.417773442248844,-0.721325993177321,-0.632848181822586,"Star 1to4 Day 20","Star 1to4"
"Star",4,20,-1.10877660236879,-0.677839808066304,-1.12047736519738,-0.016738865908303,0.765750702504315,-0.0883148135033077,-0.0315447715271094,-0.278042531743849,6.87262274615622,-0.89430250095064,-0.81086591192164,"Star 1to4 Day 20","Star 1to4"
"Star",4,20,-1.19060495252528,-0.47061850790082,-0.47314708087378,-0.148711789232476,0.765750702504315,-0.173744919983877,-0.12465443227411,-0.150441778432629,-0.395093020360628,-0.395743571778635,-0.222106291722229,"Star 1to4 Day 20","Star 1to4"
"Star",4,20,-0.675550667510364,0.339526469829418,-0.166654128599843,0.557802125821364,0.765750702504315,0.539548474687036,0.530395351682524,1.09561238758656,0.194620893014113,-0.268943552239662,-0.119982062268491,"Star 1to4 Day 20","Star 1to4"
"Star",4,20,-1.05433398200265,-0.808780214347944,-0.444462046027793,-0.268079111693326,0.290705278045304,-0.186319463746748,-0.134500908457002,-0.536698492727928,-0.330286898334056,-0.446529449734245,-0.27462026331066,"Star 1to4 Day 20","Star 1to4"
"Star",4,20,-0.973176463843905,-0.432052867956385,-0.948272226758172,-0.293547570580447,0.283226147441836,-0.200429829648595,-0.136919341203678,-0.208392464742942,-0.417773442248844,-0.83169749310186,-0.836654133293,"Star 1to4 Day 20","Star 1to4"
"Star",4,20,0.137418792346922,-0.00712005817533482,0.471604673033252,0.0359988519892708,1.0096668650884,-0.166161798172681,-0.105220597702612,0.268381287665128,-0.254467521369352,-0.161154668497302,0.0527734589716871,"Star 1to4 Day 20","Star 1to4"
"Star",4,20,0.371881152343623,-0.0425887699820567,1.41373523081419,-0.262162197002379,0.684445314976287,-0.312583241347356,-0.238925379554519,0.122888232275676,-0.336120481809098,-0.642123230123593,-0.543836227715907,"Star 1to4 Day 20","Star 1to4"
"Star",4,20,0.24710640076277,-0.191971129477213,0.895415997096769,-0.0940017664379195,0.765750702504315,-0.107992534658944,-0.0467463487919257,0.144397377595795,-0.417773442248844,-0.625012194519872,-0.522979686088131,"Star 1to4 Day 20","Star 1to4"
"Star",4,20,-1.18868453151212,1.13709969624652,-0.0436203544547803,0.145075888031082,0.600244780117885,0.132555607858255,0.127467181566794,1.38127657188097,-0.14559690744969,-0.18714803913606,0.140124272594738,"Star 1to4 Day 20","Star 1to4"
"Star",4,20,-0.89879303350554,0.591088419376467,-0.760105861580511,0.310577994603956,0.395171844216331,0.377231272373954,0.346162599944721,1.23181237023818,0.0196478051845363,-0.443281545137862,-0.366249421089593,"Star 1to4 Day 20","Star 1to4"
"Star",4,20,0.0735187561694197,0.327874912327693,0.183698644585045,-0.187643372851172,0.695543379742724,-0.252551793490111,-0.202994378746772,0.531776051427352,-0.400760257797542,-0.181062651584959,0.164141691953565,"Star 1to4 Day 20","Star 1to4"
"Star",4,20,-0.104278030370575,0.27662963627844,0.516108540572749,0.0329975184503846,0.976372670789086,-0.0705568700213915,-0.0279171224070964,1.05088163239098,-0.344867988986521,-0.0444682489183606,0.369533102007377,"Star 1to4 Day 20","Star 1to4"
"Star",4,20,-1.08719159632365,0.248979398786601,-0.814618230094743,0.122094248361895,0.912920691798371,0.040598257287035,0.0579372400998781,0.487178159861066,-0.250756283898012,-0.493530328105614,-0.435521527729038,"Star 1to4 Day 20","Star 1to4"
"Star",4,20,-1.46170000102637,-1.34596397679267,-0.196344105326204,0.240518294567667,1.45190061980316,0.00527434809057484,0.226450178984292,-1.30450264379133,-0.213643909184619,-0.817310441134669,-0.792679087937705,"Star 1to4 Day 20","Star 1to4"
"Star",4,20,-1.04366643788162,-1.0907275981642,-0.624224298306024,1.26285825029917,2.87124659851944,0.661070401433554,0.760491953009064,-0.824909229917139,0.943097759606367,-0.569787682513668,-0.496809193894178,"Star 1to4 Day 20","Star 1to4"
"Star",4,20,-1.03618205735774,-0.830509480625671,0.472133740562292,0.979103602294177,2.42853031924962,0.482531077777532,0.601134509522778,-0.528940733039717,0.194620893014113,-0.14785396714706,0.11880977824414,"Star 1to4 Day 20","Star 1to4"
"Star",4,20,-0.804495100332112,-1.09670568485626,0.144719093139575,1.1576400716645,2.61864499394423,0.666445778919972,0.765156073306223,-0.907107528573571,-0.0435350089527172,-0.480356300101565,-0.268195024433958,"Star 1to4 Day 20","Star 1to4"
"Star",4,20,-0.941410595715319,-0.905432295367156,0.128971457468534,2.01799376868297,3.29249053508898,1.34825481974187,1.3824610318951,-0.911447740463835,1.04515965810334,-0.290472954158587,-0.185709475825718,"Star 1to4 Day 20","Star 1to4"
"Star",4,20,-0.761311934673253,-0.912774807365792,0.722158861273826,0.774326902555305,2.1812364847801,0.430121147284958,0.551124775225456,-0.722404939916971,0.165458711709183,-0.477868435582339,-0.325311691179258,"Star 1to4 Day 20","Star 1to4"
